sol,h_cm,theta
sable,-1.0,0.4225
sable,-3.0,0.4026
sable,-10.0,0.2073
sable,-30.0,0.0791
sable,-100.0,0.0439
sable,-330.0,0.0586
sable,-1000.0,0.0367
sable,-5000.0,0.0369
sable,-15000.0,0.0345
loam,-1.0,0.4325
loam,-3.0,0.4168
loam,-10.0,0.4159
loam,-30.0,0.3401
loam,-100.0,0.2481
loam,-330.0,0.1808
loam,-1000.0,0.119
loam,-5000.0,0.0723
loam,-15000.0,0.0935
argile,-1.0,0.385
argile,-3.0,0.3791
argile,-10.0,0.3785
argile,-30.0,0.3845
argile,-100.0,0.3524
argile,-330.0,0.3467
argile,-1000.0,0.3393
argile,-5000.0,0.287
argile,-15000.0,0.2702
