jour,pluie_mm,ET0_mm,Kc,LAI,ETc_mm,Ep_mm,Tp_mm
1,0.4,3.36,0.4,0.2,1.34,1.22,0.12
2,0.0,2.86,0.4,0.22,1.14,1.03,0.11
3,34.4,3.61,0.4,0.23,1.44,1.3,0.15
4,0.0,3.73,0.4,0.25,1.49,1.33,0.16
5,0.0,2.61,0.4,0.26,1.04,0.92,0.12
6,33.0,2.91,0.4,0.28,1.16,1.02,0.14
7,2.3,3.52,0.4,0.29,1.41,1.23,0.18
8,0.0,3.38,0.4,0.31,1.35,1.17,0.18
9,5.4,3.54,0.4,0.33,1.42,1.22,0.2
10,0.0,3.24,0.4,0.34,1.3,1.11,0.19
11,0.0,3.98,0.4,0.36,1.59,1.35,0.24
12,0.0,3.98,0.4,0.37,1.59,1.34,0.25
13,0.0,3.73,0.4,0.39,1.49,1.25,0.25
14,6.1,4.2,0.4,0.41,1.68,1.39,0.29
15,0.0,3.98,0.4,0.42,1.59,1.31,0.28
16,0.0,3.49,0.4,0.44,1.4,1.14,0.26
17,0.0,4.02,0.4,0.45,1.61,1.3,0.3
18,8.0,3.53,0.4,0.47,1.41,1.14,0.28
19,0.0,4.31,0.4,0.48,1.72,1.38,0.35
20,0.0,3.98,0.4,0.5,1.59,1.26,0.33
21,0.0,3.97,0.421,0.59,1.67,1.28,0.4
22,0.0,3.81,0.443,0.67,1.69,1.24,0.45
23,0.0,4.61,0.464,0.76,2.14,1.51,0.63
24,18.8,4.11,0.486,0.84,1.99,1.35,0.64
25,0.0,4.04,0.507,0.93,2.05,1.33,0.72
26,0.0,4.11,0.529,1.01,2.17,1.36,0.81
27,0.0,4.5,0.55,1.1,2.48,1.49,0.99
28,9.5,4.48,0.571,1.19,2.56,1.48,1.08
29,0.0,4.54,0.593,1.27,2.69,1.49,1.2
30,0.0,4.59,0.614,1.36,2.82,1.5,1.31
31,22.5,5.31,0.636,1.44,3.38,1.73,1.65
32,0.0,4.33,0.657,1.53,2.85,1.4,1.44
33,9.8,4.33,0.679,1.61,2.94,1.39,1.55
34,0.0,4.25,0.7,1.7,2.97,1.35,1.62
35,0.0,4.86,0.721,1.79,3.51,1.53,1.97
36,0.0,5.1,0.743,1.87,3.79,1.59,2.2
37,0.0,4.64,0.764,1.96,3.55,1.43,2.11
38,0.0,4.39,0.786,2.04,3.45,1.34,2.11
39,12.3,4.43,0.807,2.13,3.58,1.34,2.24
40,0.0,5.06,0.829,2.21,4.19,1.5,2.69
41,26.5,5.13,0.85,2.3,4.36,1.5,2.86
42,14.7,5.09,0.871,2.39,4.43,1.47,2.97
43,0.0,4.64,0.893,2.47,4.14,1.32,2.82
44,0.0,5.03,0.914,2.56,4.6,1.41,3.19
45,0.0,5.02,0.936,2.64,4.7,1.38,3.32
46,0.0,5.09,0.957,2.73,4.88,1.38,3.5
47,0.0,5.39,0.979,2.81,5.27,1.43,3.84
48,0.0,5.16,1.0,2.9,5.16,1.35,3.81
49,0.0,5.37,1.021,2.99,5.49,1.38,4.11
50,0.0,5.16,1.043,3.07,5.38,1.3,4.08
51,12.8,5.28,1.064,3.16,5.62,1.3,4.31
52,0.0,5.44,1.086,3.24,5.91,1.32,4.59
53,2.0,4.63,1.107,3.33,5.13,1.1,4.03
54,9.9,5.12,1.129,3.41,5.77,1.19,4.59
55,0.0,5.08,1.15,3.5,5.84,1.16,4.69
56,0.0,5.04,1.15,3.51,5.79,1.14,4.66
57,0.0,5.21,1.15,3.53,5.99,1.17,4.82
58,0.0,5.94,1.15,3.54,6.83,1.32,5.51
59,0.0,5.02,1.15,3.56,5.77,1.11,4.66
60,0.0,5.77,1.15,3.57,6.64,1.27,5.37
61,0.0,4.73,1.15,3.59,5.44,1.03,4.41
62,0.0,5.29,1.15,3.6,6.09,1.15,4.94
63,0.0,5.51,1.15,3.61,6.34,1.19,5.15
64,0.0,5.7,1.15,3.63,6.55,1.22,5.33
65,0.0,5.76,1.15,3.64,6.63,1.23,5.4
66,2.5,5.81,1.15,3.66,6.68,1.23,5.45
67,0.0,5.37,1.15,3.67,6.17,1.13,5.05
68,3.3,5.34,1.15,3.69,6.14,1.11,5.02
69,0.0,5.88,1.15,3.7,6.76,1.22,5.54
70,20.6,5.47,1.15,3.71,6.29,1.13,5.16
71,14.8,5.05,1.15,3.73,5.8,1.03,4.77
72,0.0,5.11,1.15,3.74,5.88,1.04,4.84
73,0.5,5.21,1.15,3.76,5.99,1.05,4.94
74,4.9,5.78,1.15,3.77,6.65,1.16,5.49
75,0.0,5.64,1.15,3.79,6.49,1.12,5.37
76,0.0,5.87,1.15,3.8,6.75,1.16,5.59
77,3.4,5.42,1.15,3.81,6.24,1.07,5.17
78,0.0,5.66,1.15,3.83,6.51,1.11,5.4
79,0.0,5.85,1.15,3.84,6.73,1.14,5.59
80,0.0,5.48,1.15,3.86,6.3,1.06,5.24
81,0.0,5.78,1.15,3.87,6.65,1.11,5.54
82,9.3,5.33,1.15,3.89,6.13,1.01,5.12
83,3.8,5.45,1.15,3.9,6.27,1.03,5.24
84,9.0,5.44,1.15,3.91,6.25,1.02,5.23
85,5.2,5.11,1.15,3.93,5.87,0.95,4.92
86,0.0,5.78,1.15,3.94,6.64,1.07,5.57
87,14.7,5.39,1.15,3.96,6.19,0.99,5.2
88,0.0,5.57,1.15,3.97,6.41,1.02,5.39
89,0.0,5.75,1.15,3.99,6.61,1.04,5.57
90,0.0,5.72,1.15,4.0,6.58,1.03,5.55
91,9.0,5.8,1.132,3.93,6.56,1.06,5.5
92,0.0,5.48,1.113,3.87,6.1,1.02,5.08
93,0.0,5.34,1.095,3.8,5.85,1.01,4.84
94,0.0,5.46,1.077,3.73,5.88,1.04,4.84
95,8.2,4.8,1.058,3.67,5.08,0.93,4.15
96,4.3,4.88,1.04,3.6,5.08,0.96,4.12
97,0.0,4.92,1.022,3.53,5.02,0.98,4.04
98,0.0,5.03,1.003,3.47,5.04,1.01,4.03
99,0.0,5.57,0.985,3.4,5.48,1.14,4.35
100,0.0,5.02,0.967,3.33,4.86,1.04,3.82
101,0.0,5.21,0.948,3.27,4.94,1.09,3.85
102,0.0,5.86,0.93,3.2,5.45,1.24,4.21
103,0.0,5.18,0.912,3.13,4.72,1.11,3.61
104,0.0,5.59,0.893,3.07,4.99,1.21,3.79
105,6.4,4.9,0.875,3.0,4.28,1.07,3.22
106,0.0,5.16,0.857,2.93,4.42,1.14,3.28
107,0.0,4.84,0.838,2.87,4.05,1.08,2.98
108,17.3,5.05,0.82,2.8,4.14,1.13,3.01
109,17.9,5.5,0.802,2.73,4.41,1.24,3.16
110,0.0,4.44,0.783,2.67,3.48,1.01,2.47
111,0.0,5.28,0.765,2.6,4.04,1.21,2.82
112,0.0,5.17,0.747,2.53,3.86,1.19,2.66
113,0.0,4.8,0.728,2.47,3.5,1.12,2.38
114,0.0,4.43,0.71,2.4,3.14,1.03,2.11
115,0.0,5.0,0.692,2.33,3.46,1.17,2.29
116,0.0,4.73,0.673,2.27,3.18,1.11,2.07
117,2.3,5.0,0.655,2.2,3.27,1.18,2.09
118,5.8,4.88,0.637,2.13,3.11,1.16,1.95
119,0.0,5.48,0.618,2.07,3.39,1.3,2.09
120,0.0,4.7,0.6,2.0,2.82,1.12,1.7
