echantillon,texture,a_cm2,A_cm2,L_cm,T_C,t_s,h_cm
V1,loam,0.5,19.635,10.0,18.0,0,79.93
V1,loam,0.5,19.635,10.0,18.0,120,73.55
V1,loam,0.5,19.635,10.0,18.0,240,66.7
V1,loam,0.5,19.635,10.0,18.0,360,61.53
V1,loam,0.5,19.635,10.0,18.0,480,56.28
V1,loam,0.5,19.635,10.0,18.0,600,51.66
V1,loam,0.5,19.635,10.0,18.0,720,47.39
V1,loam,0.5,19.635,10.0,18.0,840,42.66
V1,loam,0.5,19.635,10.0,18.0,960,39.47
V1,loam,0.5,19.635,10.0,18.0,1080,36.12
V1,loam,0.5,19.635,10.0,18.0,1200,32.96
V1,loam,0.5,19.635,10.0,18.0,1320,30.02
V1,loam,0.5,19.635,10.0,18.0,1440,27.88
V1,loam,0.5,19.635,10.0,18.0,1560,25.54
V1,loam,0.5,19.635,10.0,18.0,1680,23.33
V1,loam,0.5,19.635,10.0,18.0,1800,21.31
V2,loam argileux,0.5,19.635,10.0,18.0,0,79.83
V2,loam argileux,0.5,19.635,10.0,18.0,600,70.3
V2,loam argileux,0.5,19.635,10.0,18.0,1200,61.72
V2,loam argileux,0.5,19.635,10.0,18.0,1800,53.36
V2,loam argileux,0.5,19.635,10.0,18.0,2400,47.79
V2,loam argileux,0.5,19.635,10.0,18.0,3000,42.05
V2,loam argileux,0.5,19.635,10.0,18.0,3600,36.68
V2,loam argileux,0.5,19.635,10.0,18.0,4200,32.25
V2,loam argileux,0.5,19.635,10.0,18.0,4800,28.68
V2,loam argileux,0.5,19.635,10.0,18.0,5400,24.76
V2,loam argileux,0.5,19.635,10.0,18.0,6000,21.77
V2,loam argileux,0.5,19.635,10.0,18.0,6600,19.19
V2,loam argileux,0.5,19.635,10.0,18.0,7200,16.86
V2,loam argileux,0.5,19.635,10.0,18.0,7800,14.84
V2,loam argileux,0.5,19.635,10.0,18.0,8400,13.02
V2,loam argileux,0.5,19.635,10.0,18.0,9000,11.49
V2,loam argileux,0.5,19.635,10.0,18.0,9600,10.03
V2,loam argileux,0.5,19.635,10.0,18.0,10200,8.79
V2,loam argileux,0.5,19.635,10.0,18.0,10800,7.79
