echantillon,texture,repetition,L_cm,A_cm2,dH_cm,V_cm3,t_s,T_C,d10_mm,n
S1,sable moyen,1,10.0,19.635,20.0,50.3,60,18.0,0.15,0.38
S1,sable moyen,2,10.0,19.635,10.0,26.5,60,18.0,0.15,0.38
S1,sable moyen,3,10.0,19.635,20.0,52.7,60,18.0,0.15,0.38
S2,sable fin,1,10.0,19.635,15.0,23.3,120,18.0,0.08,0.4
S2,sable fin,2,10.0,19.635,20.0,33.3,120,18.0,0.08,0.4
S2,sable fin,3,10.0,19.635,10.0,14.4,120,18.0,0.08,0.4
S3,loam sableux,1,10.0,19.635,15.0,19.0,600,18.0,0.04,0.42
S3,loam sableux,2,10.0,19.635,10.0,12.8,600,18.0,0.04,0.42
S3,loam sableux,3,10.0,19.635,15.0,18.8,600,18.0,0.04,0.42
S4,loam,1,10.0,19.635,20.0,15.4,1800,18.0,0.02,0.45
S4,loam,2,10.0,19.635,15.0,11.9,1800,18.0,0.02,0.45
S4,loam,3,10.0,19.635,15.0,11.9,1800,18.0,0.02,0.45
