id,parcelle,profondeur_cm,V_t_cm3,M_t_g,M_s_g,rho_s_gcm3,sable_pct,argile_pct,limon_pct
TEM-1,temoin,0-10,100.0,150.6,129.6,2.6,40.0,22.0,38.0
TEM-2,temoin,10-20,100.0,161.2,134.1,2.6,43.0,23.0,34.0
TEM-3,temoin,20-30,100.0,169.2,140.1,2.65,35.0,23.0,42.0
TEM-4,temoin,30-40,100.0,166.3,136.1,2.65,37.0,18.0,45.0
TEM-5,temoin,40-50,100.0,177.8,143.7,2.65,37.0,19.0,44.0
TEM-6,temoin,50-60,100.0,180.6,146.7,2.65,39.0,21.0,40.0
TRA-1,trafiquee,0-10,100.0,177.7,150.8,2.6,39.0,24.0,37.0
TRA-2,trafiquee,10-20,100.0,188.4,162.5,2.6,33.0,18.0,49.0
TRA-3,trafiquee,20-30,100.0,186.9,157.7,2.65,36.0,24.0,40.0
TRA-4,trafiquee,30-40,100.0,193.9,164.7,2.65,40.0,22.0,38.0
TRA-5,trafiquee,40-50,100.0,197.4,162.8,2.65,42.0,24.0,34.0
TRA-6,trafiquee,50-60,100.0,196.1,167.8,2.65,33.0,19.0,48.0
