t_j,I_cm,h10_cm,h30_cm,h50_cm
0.05,1.819,-6.97,-98.7,-107.27
0.1,3.539,-2.75,-103.02,-101.69
0.15,4.626,0.43,-101.6,-102.59
0.2,5.702,0.34,-11.47,-105.79
0.25,7.276,1.34,0.92,-102.39
0.3,8.11,2.54,5.05,-99.61
0.35,9.745,0.0,-2.04,-14.92
0.4,11.17,1.4,-3.67,-0.76
0.45,11.925,2.39,2.8,-3.01
0.5,13.441,-4.36,4.63,-4.95
0.55,14.594,-1.66,-0.9,0.36
0.6,15.555,0.06,-2.95,0.43
0.65,17.143,-3.97,-1.4,-4.52
0.7,17.994,-2.56,-1.22,-0.81
0.75,19.617,0.45,-0.07,-3.15
0.8,21.158,3.09,0.82,2.0
0.85,22.226,3.47,1.39,-1.62
0.9,23.503,4.45,2.9,3.21
0.95,24.907,-3.34,1.64,3.09
1.0,25.741,2.29,-4.81,-1.95
