h_cm,theta_sable,theta_loam
-1.0,0.4286,0.4293
-1.343,0.427,0.4289
-1.805,0.4235,0.4282
-2.424,0.416,0.4272
-3.257,0.4008,0.4256
-4.375,0.3723,0.4232
-5.878,0.3261,0.4194
-7.897,0.2652,0.4138
-10.608,0.2023,0.4055
-14.251,0.1496,0.3938
-19.145,0.1116,0.3781
-25.719,0.0864,0.3583
-34.551,0.0705,0.3349
-46.416,0.0606,0.3091
-62.355,0.0545,0.2826
-83.768,0.0508,0.2568
-112.534,0.0485,0.2328
-151.178,0.0472,0.211
-203.092,0.0463,0.1917
-272.833,0.0458,0.175
-366.524,0.0455,0.1605
-492.388,0.0453,0.1481
-661.474,0.0452,0.1375
-888.624,0.0451,0.1285
-1193.777,0.0451,0.1208
-1603.719,0.045,0.1143
-2154.435,0.045,0.1088
-2894.266,0.045,0.1041
-3888.155,0.045,0.1001
-5223.345,0.045,0.0967
-7017.038,0.045,0.0939
-9426.685,0.045,0.0915
-12663.802,0.045,0.0894
-17012.543,0.045,0.0877
-22854.639,0.045,0.0862
-30702.906,0.045,0.085
-41246.264,0.045,0.0839
-55410.203,0.045,0.083
-74438.03,0.045,0.0822
-100000.0,0.045,0.0816
