t_j,T_5cm,T_10cm,T_20cm,T_40cm
0.0,13.28,16.21,18.68,18.14
0.04167,12.7,15.76,18.24,18.31
0.08333,12.09,14.6,17.78,18.06
0.125,11.98,14.11,17.43,18.56
0.16667,12.6,14.29,17.12,18.57
0.20833,13.22,14.25,16.76,18.31
0.25,14.22,14.79,16.34,18.02
0.29167,15.39,15.21,16.33,18.16
0.33333,17.13,15.96,16.41,18.06
0.375,18.82,17.17,16.78,18.09
0.41667,20.14,17.94,16.81,17.85
0.45833,21.63,18.8,17.38,18.14
0.5,22.87,20.06,17.7,17.62
0.54167,23.62,20.63,17.94,17.77
0.58333,23.8,21.85,18.37,17.9
0.625,24.0,21.8,19.16,17.83
0.66667,23.75,22.01,19.2,17.85
0.70833,23.26,22.09,19.62,17.87
0.75,22.12,21.72,19.75,17.98
0.79167,20.62,21.18,19.67,18.5
0.83333,19.21,20.47,19.72,18.48
0.875,17.78,19.45,19.72,18.71
0.91667,16.04,18.38,19.52,18.53
0.95833,14.89,17.76,19.3,18.57
1.0,13.98,16.64,19.08,18.55
1.04167,12.87,15.55,18.81,18.84
1.08333,12.49,15.08,18.16,18.77
1.125,12.4,14.5,17.78,18.61
1.16667,13.11,14.5,17.37,18.67
1.20833,13.58,14.34,17.07,18.39
1.25,14.66,14.97,16.99,18.57
1.29167,15.68,15.5,16.65,18.18
1.33333,17.61,16.21,16.87,18.31
1.375,19.24,17.48,17.16,18.2
1.41667,20.52,18.41,17.03,18.13
1.45833,22.14,19.28,17.53,18.24
1.5,23.1,20.24,18.03,18.45
1.54167,24.06,21.1,18.42,18.19
1.58333,24.14,21.93,18.63,18.05
1.625,24.47,22.21,19.28,18.16
1.66667,23.95,22.5,19.96,18.27
1.70833,23.32,22.49,19.8,18.47
1.75,22.54,22.27,20.23,18.31
1.79167,21.05,21.48,20.42,18.56
1.83333,19.49,20.98,20.57,18.62
1.875,18.03,19.8,20.09,18.99
1.91667,16.51,18.82,19.96,18.69
1.95833,15.33,17.88,19.77,18.92
2.0,14.29,16.86,19.5,19.0
2.04167,13.25,16.24,18.96,19.0
2.08333,12.78,15.49,18.61,19.02
2.125,13.09,15.2,18.16,18.6
2.16667,13.27,15.0,17.57,19.19
2.20833,14.01,14.85,17.23,19.12
2.25,14.97,15.16,17.28,19.06
2.29167,16.35,15.97,17.3,18.53
2.33333,17.81,16.57,17.09,18.68
2.375,19.37,17.39,17.2,18.71
2.41667,20.83,18.78,17.72,18.67
2.45833,22.25,19.63,17.78,18.7
2.5,23.65,20.67,18.44,18.46
2.54167,24.38,21.51,18.67,18.68
2.58333,24.72,22.18,19.11,18.73
2.625,24.64,22.65,19.42,18.64
2.66667,24.29,22.88,19.85,18.62
2.70833,23.66,22.81,20.72,18.69
2.75,22.33,22.84,20.54,18.94
2.79167,21.49,21.79,20.82,18.89
2.83333,19.85,21.14,20.66,19.07
2.875,18.27,20.04,20.76,19.2
2.91667,17.11,19.19,20.56,19.03
2.95833,15.39,18.19,19.92,19.18
3.0,14.49,17.22,19.7,19.22
3.04167,13.8,16.57,19.1,19.45
3.08333,13.13,15.74,18.97,19.49
3.125,13.29,15.45,18.71,19.32
3.16667,13.33,15.31,18.39,19.33
3.20833,14.72,15.45,17.82,19.52
3.25,15.31,15.54,17.34,19.27
3.29167,16.67,16.03,17.52,19.2
3.33333,18.11,17.32,17.73,19.33
3.375,19.98,17.96,17.77,19.14
3.41667,21.27,18.76,17.64,19.28
3.45833,22.63,19.63,18.22,18.83
3.5,24.05,21.17,18.52,18.96
3.54167,24.76,21.98,19.28,18.67
3.58333,25.03,22.71,19.78,18.97
3.625,24.91,22.94,19.86,18.62
3.66667,24.64,23.2,20.35,18.99
3.70833,24.36,23.09,20.63,19.13
3.75,22.95,22.72,20.96,19.14
3.79167,21.6,22.44,21.06,19.44
3.83333,20.3,21.49,21.09,19.25
3.875,18.5,20.42,20.77,19.5
3.91667,17.51,19.77,20.5,19.78
3.95833,15.74,18.39,20.58,19.8
4.0,14.86,17.78,20.24,19.78
4.04167,13.97,16.71,19.58,19.77
4.08333,13.53,15.99,19.12,19.5
4.125,13.67,15.7,18.82,20.14
4.16667,13.8,15.57,18.52,19.69
4.20833,14.66,15.56,17.98,19.75
4.25,15.85,16.44,17.74,19.66
4.29167,17.18,16.97,17.72,19.64
4.33333,18.61,17.37,18.31,19.66
4.375,20.01,18.4,17.94,19.42
4.41667,21.79,19.43,18.08,19.59
4.45833,23.1,20.41,18.56,19.2
4.5,24.33,21.45,19.05,19.18
4.54167,25.14,22.08,19.45,19.14
4.58333,25.3,22.91,19.95,19.32
4.625,25.76,23.59,20.43,19.27
4.66667,25.26,23.48,20.71,19.47
4.70833,24.47,23.23,20.76,19.43
4.75,23.42,23.01,21.53,19.33
4.79167,22.01,22.53,21.47,19.65
4.83333,20.67,21.65,21.27,19.55
4.875,19.07,20.81,21.42,20.0
4.91667,17.58,20.04,21.03,20.05
4.95833,16.36,18.76,20.8,19.87
5.0,15.27,17.94,20.49,20.11
